<?xml version="1.0" encoding="UTF-8" ?>
<!DOCTYPE visualization SYSTEM "../../visualization.dtd">
<visualization name="NG-CHM Heat Map Viewer">
	<data_sources>
	   <data_source>
	      <model_class>HistoryDatasetAssociation</model_class>
	      <test test_attr="extension">ngchm</test>
	      <!-- bb arp06<test test_attr="mda_heatmap_gen">  only if from this tool -->
	      <to_param param_attr="id">dataset_id</to_param>
	   </data_source>
	</data_sources>
	<params>
	   <param type="dataset" var_name_in_template="hda" required="true">dataset_id</param>
	</params>
	<entry_point entry_point_type="mako">mda_heatmap_viz.mako</entry_point>
</visualization> 
